{"cameraMode":{"drawMode":0,"name":"Shaded","section":"Shading Mode"},"sceneLighting":false,"audioPlay":false,"sceneViewState":{"m_AlwaysRefresh":false,"showFog":true,"showSkybox":false,"showFlares":true,"showImageEffects":true,"showParticleSystems":true,"showVisualEffectGraphs":true,"m_FxEnabled":true},"in2DMode":false,"pivot":{"x":-0.15072447061538697,"y":3.705794334411621,"z":-0.008379459381103516},"rotation":{"x":-0.09165918081998825,"y":-0.02180933952331543,"z":0.002007716568186879,"w":-0.9955516457557678},"size":4.665380001068115,"orthographic":false}