{"cameraMode":{"drawMode":0,"name":"Shaded","section":"Shading Mode"},"sceneLighting":false,"audioPlay":false,"sceneViewState":{"m_AlwaysRefresh":false,"showFog":true,"showSkybox":false,"showFlares":true,"showImageEffects":true,"showParticleSystems":true,"showVisualEffectGraphs":true,"m_FxEnabled":true},"in2DMode":false,"pivot":{"x":6.0779314041137699,"y":6.960958480834961,"z":-19.906057357788087},"rotation":{"x":0.0011899485252797604,"y":-0.000903356063645333,"z":-0.0000013187877812015359,"w":-1.0000008344650269},"size":0.20177370309829713,"orthographic":true}